"Subtype","n","p.value","mean_score","max_score","p.adj","label","y.position_bar","y.position_violin"
"AC.like",10394,6.02725060403315e-09,0.00237093686481626,0.164324477221434,8.03633413871086e-09,"FDR =8e-09",0.0331658280304558,0.178456479404297
"MES.like",10394,5.5474187316025e-61,0.0130329124033065,0.282640043657267,1.1094837463205e-60,"FDR =1.1e-60",0.0438278035689461,0.296772045840131
"NPC.like",10394,8.0765971255786e-239,-0.0156200313267748,0.162540155573065,3.23063885023144e-238,"FDR =3.2e-238",0.0151748598388647,0.176672157755928
"OPC.like",10394,0.785658625041876,7.56015916508889e-05,0.188953695491644,0.785658625041876,"FDR =0.79",0.0308704927572904,0.203085697674507
